codigo;skin_score;textura;poros;linhas;firmeza;manchas;uniformidade;vermelhidao;oleosidade;brilho;hidratacao;idade_aparente
F01;76;76;76;81;82;75;74;73;72;77;78;36
F02;76;76;76;80;78;78;72;70;80;72;76;40
F03;75;75;68;80;84;77;74;73;72;70;74;37
F04;74;73;66;79;84;76;74;73;71;71;74;37
F05;73;73;67;80;78;79;70;68;64;72;76;40
F06;74;74;66;80;84;76;74;72;72;72;74;37
F07;72;71;63;80;78;78;70;67;60;72;76;40
F08;76;77;77;79;78;79;74;73;80;70;76;40
F09;77;76;76;82;82;76;74;72;76;76;78;36
F10;72;72;66;80;78;78;70;70;60;70;76;40
F11;76;76;76;80;78;78;72;71;80;72;76;40
F12;73;72;65;78;83;74;70;74;68;68;73;38
F13;77;77;77;82;82;76;73;74;75;74;78;36
F14;76;75;75;81;82;76;74;73;70;77;78;36
F15;72;72;66;80;78;78;69;70;60;69;76;40
F16;76;77;77;80;78;78;73;71;80;73;76;40
